<?xml version="1.0" encoding="utf-8" ?>
<!DOCTYPE properties SYSTEM "http://java.sun.com/dtd/properties.dtd">
<properties>
    <entry key="insertBook">
        INSERT INTO tbl_book(subject, author, publisher, public_year, genre, ISBN, pages)
        VALUES
        (?,?,?,?,?, null,?)
    </entry>

    <entry key="deleteBook">
        DELETE FROM tbl_book
        WHERE subject = ?
    </entry>

    <entry key="selectByISBN">
        SELECT *
        FROM tbl_book
        WHERE ISBN = ?
    </entry>

    <entry key="findISBN">
        SELECT ISBN
        FROM TBL_BOOK
        WHERE SUBJECT = ?
    </entry>

    <entry key="insertBookStatus">
        INSERT INTO tbl_status(ISBN, user_code, status_rent, date_rent, date_return, date_end, overdue_status)
        VALUES
        (?, null, default, null, null, null, default)
    </entry>

    <entry key="deleteBookStatus">
        DELETE FROM tbl_status
        WHERE ISBN = ?
    </entry>

    <entry key="deleteBookReserveStatus">
        DELETE FROM tbl_reserve_status
        WHERE ISBN = ?
    </entry>

    <entry key="insertBookReserveStatus">
        INSERT INTO tbl_reserve_status(ISBN, user_code, status_reserve)
        VALUES
        (?, null, default)
    </entry>


</properties>